symbol,date,open,high,low,close,volume
UGA,2008-02-28,49.54,49.89,49.20,49.79,9800
UGA,2008-02-29,49.77,49.84,49.40,49.61,6100
UGA,2008-03-03,50.80,50.80,49.70,49.81,9200
UGA,2008-03-04,49.86,49.87,47.28,47.45,27700
UGA,2008-03-05,48.11,49.24,47.77,49.05,21600
UGA,2008-03-06,48.68,49.44,48.12,49.37,19500
UGA,2008-03-07,49.34,50.25,49.05,50.23,21200
UGA,2008-03-10,49.51,50.74,49.19,50.61,35100
UGA,2008-03-11,50.69,50.79,49.78,50.70,27700
UGA,2008-03-12,50.70,50.93,49.90,50.92,28600
UGA,2008-03-13,50.36,50.70,49.18,49.94,43300
UGA,2008-03-14,49.52,50.12,49.41,50.05,11400
UGA,2008-03-17,47.97,49.01,46.00,46.87,32000
UGA,2008-03-18,47.01,49.78,47.01,48.98,24500
UGA,2008-03-19,48.14,49.09,47.41,47.54,10600
UGA,2008-03-20,47.02,48.39,46.90,48.07,37900
UGA,2008-03-24,48.75,49.09,48.40,48.46,11100
UGA,2008-03-25,49.14,49.49,48.27,49.49,14100
UGA,2008-03-26,49.53,50.91,49.51,50.32,16400
UGA,2008-03-27,50.25,50.27,49.50,50.11,8800
UGA,2008-03-28,49.90,50.05,49.72,50.01,2200
UGA,2008-03-31,50.10,50.61,48.00,48.51,11900
UGA,2008-04-01,48.01,49.13,47.97,48.84,8000
UGA,2008-04-02,49.08,51.37,48.93,51.13,51400
UGA,2008-04-03,50.22,51.03,50.22,50.42,7700
UGA,2008-04-04,50.51,51.09,50.00,50.90,15800
UGA,2008-04-07,51.19,51.58,51.19,51.43,24000
UGA,2008-04-08,51.03,51.07,50.63,50.96,12300
UGA,2008-04-09,51.35,52.09,51.09,51.29,50500
UGA,2008-04-10,51.17,51.67,50.63,51.54,23900
UGA,2008-04-11,50.92,51.81,50.83,51.81,3200
UGA,2008-04-14,51.89,52.40,51.82,52.15,13300
UGA,2008-04-15,52.84,53.34,52.67,53.29,20500
UGA,2008-04-16,53.15,54.28,52.98,53.97,34300
UGA,2008-04-17,54.63,54.82,54.36,54.47,37000
UGA,2008-04-18,54.00,55.17,52.70,55.11,19400
UGA,2008-04-21,55.01,55.24,54.66,55.12,15700
UGA,2008-04-22,54.79,55.94,54.67,55.65,16400
UGA,2008-04-23,55.76,56.36,55.38,56.29,24900
UGA,2008-04-24,55.96,56.21,54.97,55.68,28800
UGA,2008-04-25,56.21,56.94,56.12,56.38,21600
UGA,2008-04-28,56.35,56.45,55.90,55.95,14800
UGA,2008-04-29,55.13,55.25,53.90,54.21,71500
UGA,2008-04-30,54.80,55.00,53.64,54.34,42300
UGA,2008-05-01,53.64,53.64,52.34,53.21,26500
UGA,2008-05-02,53.50,55.05,53.50,55.04,52100
UGA,2008-05-05,55.47,56.53,55.45,56.53,18100
UGA,2008-05-06,56.54,57.91,56.54,57.52,91100
UGA,2008-05-07,57.57,57.98,56.72,57.98,30800
UGA,2008-05-08,57.71,58.40,57.48,58.40,9700
UGA,2008-05-09,59.15,59.33,58.71,59.33,43900
UGA,2008-05-12,58.98,59.54,58.40,58.60,25400
UGA,2008-05-13,58.51,59.40,58.51,59.37,22700
UGA,2008-05-14,59.17,59.53,58.74,58.79,29700
UGA,2008-05-15,59.83,59.84,57.50,58.67,32500
UGA,2008-05-16,59.95,60.02,59.56,60.00,25400
UGA,2008-05-19,61.00,61.00,59.69,60.15,26900
UGA,2008-05-20,61.60,61.60,60.17,61.27,31100
UGA,2008-05-21,61.32,63.27,61.21,63.25,61500
UGA,2008-05-22,64.64,64.64,61.33,61.49,65900
UGA,2008-05-23,62.91,63.04,61.30,62.56,42900
UGA,2008-05-27,63.49,63.49,61.51,61.80,30700
UGA,2008-05-28,61.54,63.00,61.26,62.74,18500
UGA,2008-05-29,62.28,64.15,61.90,61.99,55300
UGA,2008-05-30,62.31,62.65,61.12,62.36,37600
UGA,2008-06-02,61.79,63.55,61.67,62.93,35800
UGA,2008-06-03,62.44,62.64,62.11,62.21,28000
UGA,2008-06-04,62.41,62.75,59.14,59.18,93100
UGA,2008-06-05,60.27,62.02,59.45,61.95,25400
UGA,2008-06-06,64.35,66.27,63.76,65.78,53000
UGA,2008-06-09,64.07,64.61,62.55,63.25,48200
UGA,2008-06-10,63.58,64.48,61.69,62.05,33300
UGA,2008-06-11,63.06,65.30,63.05,64.64,33600
UGA,2008-06-12,63.27,65.66,62.90,65.56,23600
UGA,2008-06-13,64.45,64.67,64.19,64.45,11600
UGA,2008-06-16,64.99,66.00,63.45,63.71,18200
UGA,2008-06-17,63.35,64.11,63.14,63.56,27200
UGA,2008-06-18,63.37,64.65,62.74,64.53,26200
UGA,2008-06-19,63.55,63.76,62.48,62.62,28100
UGA,2008-06-20,63.81,64.60,63.71,64.13,34400
UGA,2008-06-23,64.32,65.08,64.10,64.68,21200
UGA,2008-06-24,64.41,65.24,64.38,64.77,8300
UGA,2008-06-25,64.45,64.45,62.46,63.57,15600
UGA,2008-06-26,64.50,65.92,64.50,65.64,30700
UGA,2008-06-27,65.93,67.03,65.57,65.76,22100
UGA,2008-06-30,66.45,66.55,65.24,65.66,15300
UGA,2008-07-01,66.38,66.40,65.00,65.66,11300
UGA,2008-07-02,65.33,66.38,65.00,66.35,23000
UGA,2008-07-03,66.34,66.56,66.11,66.19,18100
UGA,2008-07-07,65.33,65.40,64.11,64.97,13300
UGA,2008-07-08,64.23,64.23,62.22,62.30,24200
UGA,2008-07-09,63.27,63.71,62.75,62.81,15300
UGA,2008-07-10,63.76,65.50,63.25,65.14,16200
UGA,2008-07-11,66.97,67.66,65.84,66.33,21500
UGA,2008-07-14,66.30,67.00,65.94,66.32,21200
UGA,2008-07-15,66.34,66.37,61.78,63.09,32600
UGA,2008-07-16,62.55,62.88,59.94,60.90,38300
UGA,2008-07-17,61.21,62.15,58.89,59.25,54400
UGA,2008-07-18,57.80,60.12,57.80,58.95,11700
UGA,2008-07-21,59.43,60.27,59.22,60.18,8600
UGA,2008-07-22,59.15,59.22,57.60,58.56,31200
UGA,2008-07-23,57.83,58.11,56.31,56.34,27100
UGA,2008-07-24,56.57,56.96,56.23,56.84,8000
UGA,2008-07-25,56.53,56.63,55.88,56.25,10300
UGA,2008-07-28,56.50,57.00,56.41,56.96,4600
UGA,2008-07-29,56.84,56.84,55.43,55.61,17000
UGA,2008-07-30,55.69,58.32,55.08,58.19,22900
UGA,2008-07-31,57.90,57.90,56.22,56.73,7300
UGA,2008-08-01,56.86,59.16,56.86,57.21,23800
UGA,2008-08-04,57.08,57.39,55.21,55.51,19900
UGA,2008-08-05,55.06,55.50,54.05,54.30,9700
UGA,2008-08-06,54.96,55.62,54.02,54.64,7700
UGA,2008-08-07,55.91,55.99,54.85,55.51,5900
UGA,2008-08-08,54.43,54.43,52.97,52.97,24100
UGA,2008-08-11,53.70,53.73,52.47,52.79,7800
UGA,2008-08-12,51.99,53.15,51.99,52.89,7000
UGA,2008-08-13,53.32,54.91,53.29,54.56,23500
UGA,2008-08-14,53.97,54.32,52.94,53.82,9500
UGA,2008-08-15,53.15,53.15,52.19,52.92,30300
UGA,2008-08-18,53.15,53.49,52.08,52.11,15100
UGA,2008-08-19,52.35,53.99,52.10,53.55,15400
UGA,2008-08-20,53.95,54.37,52.68,54.11,11200
UGA,2008-08-21,55.73,56.88,55.62,56.79,10300
UGA,2008-08-22,55.78,55.78,53.35,53.35,18400
UGA,2008-08-25,53.41,53.94,53.00,53.92,18700
UGA,2008-08-26,55.08,55.37,54.26,54.73,8900
UGA,2008-08-27,56.62,56.71,55.62,56.12,17700
UGA,2008-08-28,57.00,57.00,53.91,54.85,26000
UGA,2008-08-29,56.06,56.06,54.54,54.83,32900
UGA,2008-09-02,50.97,52.71,50.90,52.54,25600
UGA,2008-09-03,51.75,53.11,51.46,53.06,33400
UGA,2008-09-04,53.13,53.21,51.75,52.15,12400
UGA,2008-09-05,52.28,52.40,51.00,51.51,44800
UGA,2008-09-08,53.48,53.62,51.90,52.70,8800
UGA,2008-09-09,50.79,51.14,50.20,50.33,26400
UGA,2008-09-10,51.53,51.99,50.18,51.46,5800
UGA,2008-09-11,53.63,53.63,52.16,52.80,37700
UGA,2008-09-12,54.78,55.12,52.48,53.67,129900
UGA,2008-09-15,49.05,51.17,48.34,48.61,73800
UGA,2008-09-16,47.26,48.01,45.87,46.60,45200
UGA,2008-09-17,46.69,48.37,44.27,48.11,44500
UGA,2008-09-18,48.93,49.00,47.03,48.88,14300
UGA,2008-09-19,50.46,51.20,48.96,51.12,10600
UGA,2008-09-22,51.89,54.00,51.89,53.69,44500
UGA,2008-09-23,53.69,53.70,51.00,52.25,14800
UGA,2008-09-24,53.42,53.56,51.34,51.66,27900
UGA,2008-09-25,51.66,53.46,51.66,53.02,15500
UGA,2008-09-26,52.00,53.27,51.64,53.27,9400
UGA,2008-09-29,50.27,50.27,43.71,47.09,20400
UGA,2008-09-30,48.25,49.91,48.05,49.74,13800
UGA,2008-10-01,48.22,48.54,46.98,47.77,9600
UGA,2008-10-02,46.98,46.98,45.00,45.38,18400
UGA,2008-10-03,44.44,46.20,44.44,44.55,25100
UGA,2008-10-06,43.42,43.96,41.56,41.91,30300
UGA,2008-10-07,42.50,42.58,40.72,41.31,44300
UGA,2008-10-08,40.40,41.35,39.51,41.00,40400
UGA,2008-10-09,40.82,41.38,39.65,39.65,15300
UGA,2008-10-10,37.49,38.77,35.41,37.28,44700
UGA,2008-10-13,36.53,39.03,36.53,39.03,10400
UGA,2008-10-14,39.49,39.77,37.84,38.20,14700
UGA,2008-10-15,36.80,36.80,35.54,35.54,18100
UGA,2008-10-16,35.14,35.14,32.50,33.63,2900
UGA,2008-10-17,32.96,34.83,32.93,33.69,18100
UGA,2008-10-20,34.57,35.14,33.31,34.96,8800
UGA,2008-10-21,33.50,33.73,32.85,33.28,11900
UGA,2008-10-22,32.29,32.29,31.03,31.24,7100
UGA,2008-10-23,31.34,32.15,31.34,31.97,4200
UGA,2008-10-24,29.44,30.00,29.37,29.73,26300
UGA,2008-10-27,29.00,29.36,28.90,28.90,7300
UGA,2008-10-28,29.37,29.82,28.25,29.37,6100
UGA,2008-10-29,30.19,31.44,30.19,31.10,12500
UGA,2008-10-30,30.30,30.36,28.95,29.36,15000
UGA,2008-10-31,29.20,30.68,28.47,30.57,6900
UGA,2008-11-03,29.15,29.26,27.83,27.89,40100
UGA,2008-11-04,28.90,32.00,28.90,31.00,51300
UGA,2008-11-05,30.77,30.93,29.00,29.31,27400
UGA,2008-11-06,28.60,28.69,27.19,27.51,51200
UGA,2008-11-07,27.93,27.94,27.35,27.50,19200
UGA,2008-11-10,28.99,28.99,26.80,27.76,138000
UGA,2008-11-11,27.00,27.09,26.18,26.50,55800
UGA,2008-11-12,26.00,26.08,25.24,25.24,26700
UGA,2008-11-13,25.39,26.94,24.70,26.94,52500
UGA,2008-11-14,25.46,25.86,24.90,25.19,39400
UGA,2008-11-17,25.19,25.91,23.95,23.95,35400
UGA,2008-11-18,24.00,24.26,23.04,23.30,115000
UGA,2008-11-19,23.55,23.70,22.43,22.60,42100
UGA,2008-11-20,21.79,22.18,20.41,20.41,75900
UGA,2008-11-21,21.26,22.21,20.82,21.93,76800
UGA,2008-11-24,22.05,23.65,21.33,23.21,76600
UGA,2008-11-25,22.97,22.97,21.90,22.21,15200
UGA,2008-11-26,23.05,24.00,22.25,23.96,28700
UGA,2008-11-28,23.99,24.51,22.67,22.90,26200
UGA,2008-12-01,22.79,22.79,22.02,22.02,53700
UGA,2008-12-02,22.48,22.96,21.02,21.14,46800
UGA,2008-12-03,20.76,21.28,20.25,20.83,108000
UGA,2008-12-04,20.52,20.72,19.30,19.45,112400
UGA,2008-12-05,19.39,19.39,18.02,18.42,98400
UGA,2008-12-08,20.31,20.31,18.75,19.15,57700
UGA,2008-12-09,19.13,19.32,18.75,18.93,32200
UGA,2008-12-10,19.98,20.12,18.18,19.50,169700
UGA,2008-12-11,20.58,22.16,20.11,21.22,174500
UGA,2008-12-12,20.00,21.73,19.75,21.69,256200
UGA,2008-12-15,22.93,23.07,20.57,20.85,99800
UGA,2008-12-16,20.75,21.73,20.30,20.75,94700
UGA,2008-12-17,21.70,21.92,20.35,20.52,112600
UGA,2008-12-18,20.87,22.49,19.23,19.53,97900
UGA,2008-12-19,19.55,19.75,19.01,19.50,69200
UGA,2008-12-22,19.23,19.28,17.76,17.99,150200
UGA,2008-12-23,18.10,18.10,16.50,17.27,107200
UGA,2008-12-24,16.97,17.40,16.40,16.97,93000
UGA,2008-12-26,16.14,16.97,16.10,16.76,137400
UGA,2008-12-29,17.92,17.92,16.75,17.45,79300
UGA,2008-12-30,17.31,18.07,17.09,17.89,46900
UGA,2008-12-31,17.52,20.55,17.52,19.46,101900
UGA,2009-01-02,20.58,21.21,19.50,21.12,105200
UGA,2009-01-05,21.49,22.63,21.31,22.54,153600
UGA,2009-01-06,23.26,23.50,22.30,22.68,136200
UGA,2009-01-07,22.49,22.49,20.34,20.66,160700
UGA,2009-01-08,20.62,21.03,20.10,21.00,81100
UGA,2009-01-09,20.81,21.25,20.21,21.15,39100
UGA,2009-01-12,20.68,20.94,20.38,20.76,40100
UGA,2009-01-13,21.29,22.37,20.70,21.85,191600
UGA,2009-01-14,21.63,22.56,20.84,22.26,86000
UGA,2009-01-15,22.08,22.40,20.95,22.05,72500
UGA,2009-01-16,22.27,22.53,21.68,22.19,49000
UGA,2009-01-20,21.23,22.17,21.10,21.68,55300
UGA,2009-01-21,21.72,22.42,21.40,22.42,61100
UGA,2009-01-22,21.47,21.90,19.78,20.36,129100
UGA,2009-01-23,20.28,22.34,20.14,21.82,66300
UGA,2009-01-26,22.07,23.05,21.92,21.98,104500
UGA,2009-01-27,21.67,21.67,20.96,21.23,77300
UGA,2009-01-28,21.20,22.78,20.76,22.44,139600
UGA,2009-01-29,22.41,23.33,22.39,23.10,187300
UGA,2009-01-30,23.81,23.93,23.10,23.42,226000
UGA,2009-02-02,21.81,22.43,21.28,21.53,151400
UGA,2009-02-03,20.83,21.75,20.75,21.60,123400
UGA,2009-02-04,21.77,22.75,21.60,22.43,120000
UGA,2009-02-05,23.09,23.64,22.51,23.33,109500
UGA,2009-02-06,22.68,23.71,22.55,23.03,84300
UGA,2009-02-09,23.60,24.05,23.07,23.26,81800
UGA,2009-02-10,23.95,24.24,23.01,23.22,125700
UGA,2009-02-11,23.60,24.70,23.30,23.75,168000
UGA,2009-02-12,24.05,24.10,23.10,23.31,195700
UGA,2009-02-13,22.94,22.95,21.89,22.56,154200
UGA,2009-02-17,21.93,21.97,20.50,20.54,275000
UGA,2009-02-18,20.64,20.72,19.60,19.89,120500
UGA,2009-02-19,19.98,20.63,19.28,20.24,143400
UGA,2009-02-20,19.67,20.42,19.50,20.26,131900
UGA,2009-02-23,20.50,20.57,19.56,19.79,59900
UGA,2009-02-24,20.51,20.64,20.08,20.46,76400
UGA,2009-02-25,20.80,21.90,20.62,21.73,203400
UGA,2009-02-26,22.73,23.85,22.73,23.67,257400
UGA,2009-02-27,22.98,23.60,22.37,23.37,160200
UGA,2009-03-02,22.65,22.80,21.85,21.99,80400
UGA,2009-03-03,22.44,22.67,21.85,22.54,50500
UGA,2009-03-04,23.21,23.74,22.90,23.50,239200
UGA,2009-03-05,23.20,23.20,22.10,22.58,128700
UGA,2009-03-06,22.76,22.98,22.27,22.91,54500
UGA,2009-03-09,22.61,23.50,22.57,22.89,143200
UGA,2009-03-10,23.00,23.30,22.14,22.35,122400
UGA,2009-03-11,21.67,22.56,21.37,21.75,196300
UGA,2009-03-12,21.38,23.20,21.33,22.96,130800
UGA,2009-03-13,23.18,23.91,22.88,23.07,164500
UGA,2009-03-16,22.80,23.71,22.62,23.29,173600
UGA,2009-03-17,23.46,24.49,23.30,24.35,290200
UGA,2009-03-18,24.26,24.26,23.08,23.98,139500
UGA,2009-03-19,24.76,24.86,24.30,24.71,223600
UGA,2009-03-20,24.50,25.22,24.43,25.16,282600
UGA,2009-03-23,25.36,26.27,25.13,25.78,508800
UGA,2009-03-24,25.69,26.19,25.33,25.75,376000
UGA,2009-03-25,25.33,26.05,25.20,25.68,306500
UGA,2009-03-26,26.28,26.36,25.70,26.21,184200
UGA,2009-03-27,25.53,25.70,25.18,25.45,150300
UGA,2009-03-30,24.89,24.89,23.42,23.80,261200
UGA,2009-03-31,23.67,24.30,23.12,23.89,168400
UGA,2009-04-01,23.37,23.57,22.81,23.32,160800
UGA,2009-04-02,24.70,25.19,24.45,24.79,178500
UGA,2009-04-03,24.93,25.48,24.67,25.33,182500
UGA,2009-04-06,24.98,25.38,24.50,25.19,119800
UGA,2009-04-07,24.65,25.09,24.62,24.92,94800
UGA,2009-04-08,24.32,25.52,23.90,24.76,142900
UGA,2009-04-09,25.41,25.43,24.73,25.11,102900
UGA,2009-04-13,23.90,25.42,23.87,24.76,150300
UGA,2009-04-14,24.86,25.25,24.58,24.73,44800
UGA,2009-04-15,24.84,25.04,24.43,24.72,162200
UGA,2009-04-16,24.99,25.07,24.67,25.03,91900
UGA,2009-04-17,25.75,25.79,25.19,25.35,123200
UGA,2009-04-20,24.16,24.23,23.64,23.74,193500
UGA,2009-04-21,23.21,24.19,23.10,23.95,162400
UGA,2009-04-22,23.72,23.82,23.23,23.43,138400
UGA,2009-04-23,23.49,23.62,23.16,23.60,56400
UGA,2009-04-24,24.28,24.42,24.03,24.26,111800
UGA,2009-04-27,23.04,23.98,23.00,23.69,98300
UGA,2009-04-28,23.15,23.59,23.15,23.48,108800
UGA,2009-04-29,23.95,24.45,23.95,24.24,78800
UGA,2009-04-30,24.16,24.70,24.15,24.52,76800
UGA,2009-05-01,24.83,25.75,24.83,25.40,105700
UGA,2009-05-04,25.90,26.70,25.89,26.67,110300
UGA,2009-05-05,26.84,26.95,26.34,26.43,96400
UGA,2009-05-06,27.17,27.42,26.68,27.41,97100
UGA,2009-05-07,28.61,28.68,27.30,27.89,261100
UGA,2009-05-08,28.44,28.75,28.00,28.59,231500
UGA,2009-05-11,28.26,28.44,27.89,28.13,103700
UGA,2009-05-12,28.24,28.25,27.75,28.10,113000
UGA,2009-05-13,28.27,28.80,28.00,28.43,138300
UGA,2009-05-14,28.49,29.09,28.26,28.99,175900
UGA,2009-05-15,28.78,28.98,28.12,28.35,104100
UGA,2009-05-18,29.15,29.62,28.80,29.61,109200
UGA,2009-05-19,29.61,30.29,29.08,30.05,136900
UGA,2009-05-20,30.74,31.18,30.11,30.21,373200
UGA,2009-05-21,29.83,30.17,29.17,30.15,190900
UGA,2009-05-22,30.18,30.75,30.05,30.66,201400
UGA,2009-05-26,29.87,31.14,29.76,31.02,164400
UGA,2009-05-27,31.21,31.57,30.85,31.47,132300
UGA,2009-05-28,31.50,31.91,31.30,31.71,232300
UGA,2009-05-29,32.20,32.27,31.78,32.17,186300
UGA,2009-06-01,32.35,32.75,32.24,32.74,223000
UGA,2009-06-02,32.48,32.95,32.36,32.89,148900
UGA,2009-06-03,32.46,32.61,31.55,32.24,352500
UGA,2009-06-04,32.90,33.67,32.55,33.23,209900
UGA,2009-06-05,33.28,33.47,32.80,33.23,245400
UGA,2009-06-08,33.14,33.28,32.70,33.06,151000
UGA,2009-06-09,33.23,33.47,32.89,33.42,123300
UGA,2009-06-10,33.57,34.23,33.35,34.12,207500
UGA,2009-06-11,34.79,35.25,34.65,34.99,295200
UGA,2009-06-12,34.67,34.97,34.61,34.85,146100
UGA,2009-06-15,34.56,35.00,34.00,34.95,242400
UGA,2009-06-16,35.71,35.77,34.95,35.22,207200
UGA,2009-06-17,34.73,34.74,33.90,34.33,321200
UGA,2009-06-18,34.41,34.72,34.14,34.33,104200
UGA,2009-06-19,34.39,34.54,32.80,33.17,382000
UGA,2009-06-22,32.12,32.17,31.34,31.77,631500
UGA,2009-06-23,32.17,32.79,31.69,32.53,232100
UGA,2009-06-24,32.02,32.25,31.68,31.84,286800
UGA,2009-06-25,32.22,33.12,32.22,32.76,116600
UGA,2009-06-26,32.61,32.65,32.00,32.30,169800
UGA,2009-06-29,32.93,33.56,32.85,33.30,87200
UGA,2009-06-30,33.32,33.43,32.19,32.72,107200
UGA,2009-07-01,33.41,33.50,31.67,31.93,152700
UGA,2009-07-02,30.79,31.04,30.60,30.77,222700
UGA,2009-07-06,29.82,30.18,29.70,29.99,298300
UGA,2009-07-07,29.86,30.02,29.44,29.50,203200
UGA,2009-07-08,29.30,29.38,27.97,28.16,304600
UGA,2009-07-09,28.37,28.61,27.92,28.56,84700
UGA,2009-07-10,28.16,28.46,27.98,28.42,57600
UGA,2009-07-13,28.05,28.22,27.50,28.17,116100
UGA,2009-07-14,28.49,28.62,28.12,28.18,120100
UGA,2009-07-15,28.94,29.50,28.51,29.39,144800
UGA,2009-07-16,28.98,29.53,28.98,29.39,83000
UGA,2009-07-17,29.80,30.45,29.80,30.33,67100
UGA,2009-07-20,30.76,30.86,30.20,30.69,123900
UGA,2009-07-21,31.16,31.22,30.60,30.94,111100
UGA,2009-07-22,30.37,31.45,30.30,31.32,118300
UGA,2009-07-23,31.55,32.66,31.51,32.52,193000
UGA,2009-07-24,32.70,32.76,32.22,32.61,50000
UGA,2009-07-27,32.84,33.01,32.51,32.81,104300
UGA,2009-07-28,32.40,32.70,32.18,32.51,60700
UGA,2009-07-29,32.07,32.10,30.98,31.26,100800
UGA,2009-07-30,32.06,33.83,31.91,33.63,144500
UGA,2009-07-31,33.36,34.79,33.30,34.66,101800
UGA,2009-08-03,35.59,35.93,35.41,35.61,85000
UGA,2009-08-04,35.47,35.68,35.21,35.43,91400
UGA,2009-08-05,35.33,35.43,34.52,35.35,194500
UGA,2009-08-06,35.21,35.61,34.65,35.59,121000
UGA,2009-08-07,35.42,35.54,34.47,34.56,86000
UGA,2009-08-10,34.80,35.20,34.60,35.20,51100
UGA,2009-08-11,34.99,35.31,34.55,35.07,81800
UGA,2009-08-12,35.25,35.68,34.90,34.97,42200
UGA,2009-08-13,35.06,35.15,34.70,35.03,52200
UGA,2009-08-14,35.05,35.08,33.12,33.61,131500
UGA,2009-08-17,33.09,33.68,32.56,33.59,96700
UGA,2009-08-18,33.08,34.76,33.04,34.47,47500
UGA,2009-08-19,34.11,35.56,34.09,35.31,146900
UGA,2009-08-20,35.14,35.20,34.52,34.71,97200
UGA,2009-08-21,34.99,35.19,34.54,35.02,88300
UGA,2009-08-24,35.37,35.65,35.25,35.45,48200
UGA,2009-08-25,35.59,35.85,34.22,34.56,200500
UGA,2009-08-26,34.14,34.31,33.74,34.05,57300
UGA,2009-08-27,33.62,35.00,33.27,34.99,86000
UGA,2009-08-28,35.17,35.31,34.62,35.16,33100
UGA,2009-08-31,33.97,33.98,33.09,33.41,102100
UGA,2009-09-01,33.65,34.27,32.86,32.91,67400
UGA,2009-09-02,32.83,33.57,32.83,33.27,134100
UGA,2009-09-03,33.33,33.62,32.99,33.10,34900
UGA,2009-09-04,32.51,33.00,32.43,32.58,52500
UGA,2009-09-08,33.68,34.30,33.41,33.85,74500
UGA,2009-09-09,33.95,34.26,33.62,33.74,28700
UGA,2009-09-10,33.43,33.76,32.92,33.47,97700
UGA,2009-09-11,33.73,33.82,32.20,32.42,97200
UGA,2009-09-14,32.05,32.47,31.99,32.17,62900
UGA,2009-09-15,32.37,33.15,31.96,32.99,86600
UGA,2009-09-16,32.90,34.12,32.85,34.08,67100
UGA,2009-09-17,33.98,34.53,33.98,34.20,65200
UGA,2009-09-18,34.20,34.26,33.76,33.78,54600
UGA,2009-09-21,32.67,32.88,32.19,32.42,105300
UGA,2009-09-22,33.14,33.24,32.77,33.16,49700
UGA,2009-09-23,32.85,32.85,31.44,31.49,119200
UGA,2009-09-24,31.12,31.17,30.20,30.34,98900
UGA,2009-09-25,30.18,30.66,30.04,30.16,120600
UGA,2009-09-28,30.14,30.70,30.13,30.49,44200
UGA,2009-09-29,30.13,30.59,29.98,30.24,50800
UGA,2009-09-30,30.60,32.25,30.21,32.11,103400
UGA,2009-10-01,32.36,32.63,31.86,32.26,105200
UGA,2009-10-02,31.55,32.14,31.45,31.95,63100
UGA,2009-10-05,31.72,32.50,31.16,32.30,59700
UGA,2009-10-06,32.74,33.12,32.44,32.72,69700
UGA,2009-10-07,32.87,33.00,31.49,31.79,61000
UGA,2009-10-08,31.82,33.27,31.81,32.70,247600
UGA,2009-10-09,32.85,33.03,32.43,32.91,33700
UGA,2009-10-12,33.27,33.46,33.05,33.12,32100
UGA,2009-10-13,33.51,33.80,33.28,33.73,72400
UGA,2009-10-14,34.08,34.31,34.00,34.24,95100
UGA,2009-10-15,34.66,36.07,34.45,35.83,194000
UGA,2009-10-16,35.87,36.61,35.58,36.55,85700
UGA,2009-10-19,36.36,36.74,36.26,36.52,76400
UGA,2009-10-20,36.61,36.66,36.08,36.52,55400
UGA,2009-10-21,36.31,38.13,36.31,37.59,85400
UGA,2009-10-22,37.49,37.75,36.89,37.67,46800
UGA,2009-10-23,37.67,37.76,37.13,37.51,40700
UGA,2009-10-26,38.01,38.45,37.05,37.24,98400
UGA,2009-10-27,37.53,37.85,37.05,37.70,64800
UGA,2009-10-28,37.35,37.47,36.14,36.21,112300
UGA,2009-10-29,36.37,37.37,36.37,37.09,62600
UGA,2009-10-30,36.76,36.76,35.63,35.82,48600
UGA,2009-11-02,35.70,36.65,35.70,36.41,511100
UGA,2009-11-03,35.79,36.79,35.75,36.58,105600
UGA,2009-11-04,36.75,37.27,36.39,36.75,53500
UGA,2009-11-05,36.80,37.00,36.32,36.43,68200
UGA,2009-11-06,35.55,35.97,34.85,35.25,72200
UGA,2009-11-09,36.10,36.71,36.01,36.08,114200
UGA,2009-11-10,36.53,36.85,35.70,36.29,48700
UGA,2009-11-11,36.62,36.74,36.16,36.54,22800
UGA,2009-11-12,36.16,36.23,35.19,35.39,76900
UGA,2009-11-13,35.17,35.45,34.90,35.09,33800
UGA,2009-11-16,35.16,36.60,35.16,36.21,73300
UGA,2009-11-17,36.17,36.89,36.17,36.74,37600
UGA,2009-11-18,36.98,37.42,36.50,36.85,44800
UGA,2009-11-19,36.82,36.82,35.77,36.00,53200
UGA,2009-11-20,35.66,36.22,35.60,36.13,21300
UGA,2009-11-23,36.84,37.02,35.93,36.06,24500
UGA,2009-11-24,36.06,36.06,35.14,35.36,29100
UGA,2009-11-25,35.20,36.48,34.93,36.41,68100
UGA,2009-11-27,34.58,35.63,34.46,35.61,59000
UGA,2009-11-30,35.22,36.53,35.17,36.28,28300
UGA,2009-12-01,36.85,37.04,36.59,36.67,596500
UGA,2009-12-02,36.43,36.45,35.67,35.92,54000
UGA,2009-12-03,35.77,36.15,35.52,35.78,21600
UGA,2009-12-04,36.55,36.59,35.16,35.63,50100
UGA,2009-12-07,35.02,35.36,34.83,35.01,76400
UGA,2009-12-08,34.65,34.95,34.41,34.66,28900
UGA,2009-12-09,34.64,34.79,33.33,33.57,123400
UGA,2009-12-10,33.46,33.53,32.84,32.98,75400
UGA,2009-12-11,32.87,33.18,32.66,33.15,36800
UGA,2009-12-14,33.14,33.25,32.86,32.98,28300
UGA,2009-12-15,33.15,33.51,33.15,33.25,27700
UGA,2009-12-16,33.43,34.14,33.43,33.82,51700
UGA,2009-12-17,33.57,33.62,32.88,33.21,58400
UGA,2009-12-18,33.96,34.18,33.40,33.97,29200
UGA,2009-12-21,34.24,34.49,33.41,33.41,17300
UGA,2009-12-22,33.63,34.12,33.34,33.88,21400
UGA,2009-12-23,34.46,35.38,34.46,35.18,70100
UGA,2009-12-24,35.26,35.62,35.25,35.55,20200
UGA,2009-12-28,36.27,36.31,36.01,36.16,60500
UGA,2009-12-29,36.43,36.44,35.92,35.92,37500
UGA,2009-12-30,36.24,36.55,36.05,36.51,37800
UGA,2009-12-31,36.80,36.98,36.27,36.58,61700
UGA,2010-01-04,37.24,37.47,37.14,37.47,49700
UGA,2010-01-05,37.47,37.82,37.30,37.81,118000
UGA,2010-01-06,37.50,38.04,37.20,37.90,45800
UGA,2010-01-07,37.89,37.99,37.74,37.89,23200
UGA,2010-01-08,37.79,38.53,37.65,38.38,78100
UGA,2010-01-11,38.70,38.74,37.86,37.87,48100
UGA,2010-01-12,37.62,37.82,37.00,37.12,50000
UGA,2010-01-13,36.69,36.90,35.84,36.56,72700
UGA,2010-01-14,36.69,36.90,36.41,36.74,88800
UGA,2010-01-15,36.74,36.74,36.09,36.31,62500
UGA,2010-01-19,35.94,36.66,35.84,36.65,79700
UGA,2010-01-20,36.14,36.35,35.89,36.11,75800
UGA,2010-01-21,36.40,36.58,35.04,35.13,69600
UGA,2010-01-22,35.00,35.02,34.59,34.62,52500
UGA,2010-01-25,34.73,35.39,34.70,35.37,82800
UGA,2010-01-26,34.86,35.10,34.79,34.83,50600
UGA,2010-01-27,34.80,34.95,33.82,34.35,63900
UGA,2010-01-28,34.42,34.42,33.70,34.07,62600
UGA,2010-01-29,34.24,34.31,33.41,33.69,45100
UGA,2010-02-01,33.67,34.25,33.48,34.25,37500
UGA,2010-02-02,34.39,35.61,34.39,35.60,66300
UGA,2010-02-03,35.78,36.38,35.65,35.82,68000
UGA,2010-02-04,35.51,35.51,34.08,34.25,79200
UGA,2010-02-05,34.18,34.20,32.46,33.50,163600
UGA,2010-02-08,33.25,33.50,32.94,33.26,64900
UGA,2010-02-09,33.51,34.25,33.31,34.07,63500
UGA,2010-02-10,33.91,34.29,33.30,33.97,33800
UGA,2010-02-11,33.90,34.23,33.42,34.06,46000
UGA,2010-02-12,33.49,34.01,33.00,34.00,49000
UGA,2010-02-16,34.60,35.24,34.60,35.04,37200
UGA,2010-02-17,35.01,35.26,34.85,35.24,48100
UGA,2010-02-18,35.79,36.09,35.43,36.04,34000
UGA,2010-02-19,36.11,36.49,36.02,36.46,44700
UGA,2010-02-22,36.71,36.83,36.42,36.70,53600
UGA,2010-02-23,36.38,36.42,35.81,35.82,48100
UGA,2010-02-24,35.84,36.52,35.65,36.52,26100
UGA,2010-02-25,35.51,35.64,35.20,35.61,118800
UGA,2010-02-26,35.64,36.24,35.58,36.20,33500
UGA,2010-03-01,36.53,36.58,35.35,35.68,45200
UGA,2010-03-02,36.02,36.70,36.00,36.34,78600
UGA,2010-03-03,36.58,37.20,36.19,37.13,68300
UGA,2010-03-04,37.00,37.07,36.68,37.04,40100
UGA,2010-03-05,37.37,37.71,37.36,37.69,27000
UGA,2010-03-08,37.81,37.92,37.48,37.67,118600
UGA,2010-03-09,37.23,37.49,37.09,37.32,41400
UGA,2010-03-10,37.39,38.16,37.26,37.69,47400
UGA,2010-03-11,37.56,37.67,37.37,37.66,33100
UGA,2010-03-12,37.64,37.66,36.93,37.33,81400
UGA,2010-03-15,37.08,37.08,36.43,36.79,67100
UGA,2010-03-16,37.20,37.68,37.19,37.65,37000
UGA,2010-03-17,38.14,38.21,37.76,38.09,44200
UGA,2010-03-18,37.92,38.07,37.70,38.04,43800
UGA,2010-03-19,37.86,37.86,36.89,37.22,52300
UGA,2010-03-22,36.50,37.35,36.36,37.30,49000
UGA,2010-03-23,37.07,37.45,36.93,37.32,26400
UGA,2010-03-24,36.64,37.00,36.53,36.66,22400
UGA,2010-03-25,36.91,36.96,36.52,36.56,36800
UGA,2010-03-26,36.71,36.72,36.21,36.53,30100
UGA,2010-03-29,36.98,37.61,36.98,37.51,52900
UGA,2010-03-30,37.44,37.62,37.25,37.58,32200
UGA,2010-03-31,37.92,38.11,37.44,37.87,49900
UGA,2010-04-01,38.36,38.54,38.22,38.54,29600
UGA,2010-04-05,38.64,39.08,38.52,38.90,68200
UGA,2010-04-06,38.66,38.94,38.58,38.80,117100
UGA,2010-04-07,38.83,38.90,38.12,38.20,899900
UGA,2010-04-08,37.59,38.08,37.41,38.00,298600
UGA,2010-04-09,38.12,38.20,37.50,37.84,210400
UGA,2010-04-12,37.94,38.37,37.81,37.94,92900
UGA,2010-04-13,38.01,38.24,37.39,38.07,71600
UGA,2010-04-14,38.14,38.86,37.97,38.56,97200
UGA,2010-04-15,38.60,38.65,38.19,38.42,54800
UGA,2010-04-16,37.86,38.04,37.07,37.56,82500
UGA,2010-04-19,36.84,37.28,36.83,37.26,51700
UGA,2010-04-20,37.34,37.93,37.34,37.60,108300
UGA,2010-04-21,37.84,37.99,37.35,37.76,50200
UGA,2010-04-22,37.29,37.94,36.98,37.93,72200
UGA,2010-04-23,37.76,38.70,37.67,38.67,51200
UGA,2010-04-26,38.67,38.74,38.35,38.44,66200
UGA,2010-04-27,38.36,38.62,37.88,37.98,31900
UGA,2010-04-28,38.14,38.25,37.62,38.15,40200
UGA,2010-04-29,38.43,38.79,38.43,38.69,66800
UGA,2010-04-30,39.11,39.42,38.80,39.22,181200
UGA,2010-05-03,39.43,40.00,39.42,39.85,169900
UGA,2010-05-04,39.45,39.45,37.97,38.03,203300
UGA,2010-05-05,36.52,37.10,36.31,36.42,225300
UGA,2010-05-06,35.89,36.14,34.15,35.32,187100
UGA,2010-05-07,35.02,35.25,34.50,34.94,105300
UGA,2010-05-10,35.71,35.93,35.31,35.84,76000
UGA,2010-05-11,35.81,36.14,35.70,35.90,51300
UGA,2010-05-12,36.14,36.60,35.90,36.24,89900
UGA,2010-05-13,36.05,36.29,35.77,35.82,48300
UGA,2010-05-14,35.58,35.60,34.68,35.00,305500
UGA,2010-05-17,34.85,34.85,33.47,33.66,134200
UGA,2010-05-18,34.05,34.05,33.09,33.45,102400
UGA,2010-05-19,33.23,33.39,32.72,32.99,92200
UGA,2010-05-20,32.01,32.19,31.39,31.90,143200
UGA,2010-05-21,31.71,32.44,31.67,32.10,108800
UGA,2010-05-24,32.23,32.33,32.04,32.04,41800
UGA,2010-05-25,30.98,31.68,30.96,31.67,121000
UGA,2010-05-26,32.02,32.39,31.97,32.06,51200
UGA,2010-05-27,32.72,33.43,32.62,33.40,57200
UGA,2010-05-28,33.39,33.55,32.75,33.25,45800
UGA,2010-06-01,32.95,33.49,32.41,32.47,81400
UGA,2010-06-02,32.64,33.49,32.64,33.48,561900
UGA,2010-06-03,33.52,34.15,33.41,34.04,58800
UGA,2010-06-04,33.50,33.57,32.48,32.68,64800
UGA,2010-06-07,32.79,33.14,32.48,32.49,22600
UGA,2010-06-08,32.58,32.85,32.39,32.65,20700
UGA,2010-06-09,33.17,33.56,33.09,33.19,47000
UGA,2010-06-10,33.83,34.15,33.63,34.10,44400
UGA,2010-06-11,33.57,33.98,33.33,33.76,19800
UGA,2010-06-14,34.29,34.53,33.70,33.93,28300
UGA,2010-06-15,34.24,34.81,34.19,34.74,24900
UGA,2010-06-16,34.75,35.34,34.36,35.17,59900
UGA,2010-06-17,35.49,35.61,35.28,35.39,26700
UGA,2010-06-18,35.10,35.46,35.00,35.34,20800
UGA,2010-06-21,35.72,35.80,34.83,34.98,74500
UGA,2010-06-22,35.16,35.24,34.85,34.85,25400
UGA,2010-06-23,34.47,34.48,33.55,33.97,54300
UGA,2010-06-24,34.06,34.31,33.80,34.20,22000
UGA,2010-06-25,34.65,35.49,34.65,35.45,46700
UGA,2010-06-28,35.08,35.21,34.90,34.94,18600
UGA,2010-06-29,33.99,34.00,33.60,33.73,54000
UGA,2010-06-30,33.79,34.06,33.11,33.73,75400
UGA,2010-07-01,33.35,33.38,32.39,32.70,92000
UGA,2010-07-02,32.74,32.80,32.18,32.49,18200
UGA,2010-07-06,32.86,33.38,32.33,32.51,26400
UGA,2010-07-07,32.81,33.45,32.81,33.45,34200
UGA,2010-07-08,33.78,34.06,33.34,33.90,84500
UGA,2010-07-09,33.84,34.10,33.63,33.96,16500
UGA,2010-07-12,33.72,33.79,33.25,33.30,16600
UGA,2010-07-13,34.10,34.30,34.00,34.20,21400
UGA,2010-07-14,33.93,34.34,33.80,33.95,22800
UGA,2010-07-15,34.07,34.07,33.33,33.89,30600
UGA,2010-07-16,33.78,33.78,33.24,33.55,30200
UGA,2010-07-19,33.91,34.41,33.50,33.77,54100
UGA,2010-07-20,33.61,34.21,33.61,34.14,30500
UGA,2010-07-21,34.49,34.50,33.76,33.85,46000
UGA,2010-07-22,34.52,35.16,34.52,35.03,108000
UGA,2010-07-23,34.83,34.94,34.66,34.76,21200
UGA,2010-07-26,34.59,34.78,34.53,34.57,39700
UGA,2010-07-27,34.62,34.70,33.68,33.92,25900
UGA,2010-07-28,33.68,33.92,33.38,33.76,19900
UGA,2010-07-29,34.11,34.69,34.11,34.45,35000
UGA,2010-07-30,34.02,34.87,34.02,34.82,13700
UGA,2010-08-02,35.57,35.94,35.51,35.67,53000
UGA,2010-08-03,35.88,36.06,35.69,35.97,29600
UGA,2010-08-04,35.88,36.00,35.49,35.72,63100
UGA,2010-08-05,35.26,35.58,35.25,35.50,10700
UGA,2010-08-06,35.00,35.41,34.43,34.68,42300
UGA,2010-08-09,34.98,34.98,34.65,34.83,6900
UGA,2010-08-10,34.25,34.47,34.00,34.22,24800
UGA,2010-08-11,33.82,33.82,32.64,32.66,94600
UGA,2010-08-12,32.31,32.40,32.00,32.14,36800
UGA,2010-08-13,32.11,32.18,31.69,31.91,27500
UGA,2010-08-16,31.62,31.85,31.50,31.66,24900
UGA,2010-08-17,32.05,32.29,31.93,32.07,24300
UGA,2010-08-18,31.69,32.15,31.32,32.02,41700
UGA,2010-08-19,31.94,32.00,31.38,31.59,38400
UGA,2010-08-20,31.42,31.48,31.20,31.47,39600
UGA,2010-08-23,31.35,31.60,30.86,30.87,37900
UGA,2010-08-24,30.46,30.66,30.32,30.36,41200
UGA,2010-08-25,30.30,30.77,30.00,30.76,39300
UGA,2010-08-26,31.06,31.47,31.06,31.38,38900
UGA,2010-08-27,31.47,32.27,31.00,32.26,29600
UGA,2010-08-30,32.04,32.12,31.90,31.97,27200
UGA,2010-08-31,32.00,32.16,31.04,31.18,27300
UGA,2010-09-01,31.76,32.01,31.49,31.70,17100
UGA,2010-09-02,31.71,32.27,31.57,32.27,21600
UGA,2010-09-03,32.17,32.27,31.53,32.13,31100
UGA,2010-09-07,32.02,33.00,31.63,32.29,45100
UGA,2010-09-08,32.43,32.92,32.43,32.53,20400
UGA,2010-09-09,32.96,33.00,32.41,32.42,44800
UGA,2010-09-10,32.78,33.21,32.78,33.17,78100
UGA,2010-09-13,33.64,33.76,33.22,33.27,34300
UGA,2010-09-14,33.21,33.59,32.88,33.06,19200
UGA,2010-09-15,32.76,32.99,32.63,32.80,26400
UGA,2010-09-16,32.72,32.76,31.91,32.30,29500
UGA,2010-09-17,32.52,32.56,31.99,32.22,35400
UGA,2010-09-20,32.30,33.00,32.30,32.70,25200
UGA,2010-09-21,32.72,32.77,32.16,32.16,32200
UGA,2010-09-22,32.29,32.43,31.60,31.94,23700
UGA,2010-09-23,31.66,32.29,31.58,31.96,14700
UGA,2010-09-24,32.28,32.77,32.28,32.55,20500
UGA,2010-09-27,32.61,32.61,32.13,32.42,17100
UGA,2010-09-28,32.57,32.99,32.42,32.48,27100
UGA,2010-09-29,32.40,33.33,32.21,33.24,38200
UGA,2010-09-30,33.64,34.22,33.51,34.07,54800
UGA,2010-10-01,34.78,35.10,34.44,35.10,34200
UGA,2010-10-04,35.39,35.57,35.10,35.11,46500
UGA,2010-10-05,35.21,35.66,35.16,35.64,28100
UGA,2010-10-06,35.70,36.30,35.35,36.12,38000
UGA,2010-10-07,36.63,36.63,35.36,35.42,32100
UGA,2010-10-08,35.67,36.14,35.67,36.07,29700
UGA,2010-10-11,35.98,36.44,35.94,36.05,18400
UGA,2010-10-12,36.19,36.19,35.52,35.59,23900
UGA,2010-10-13,36.15,36.33,35.97,36.23,23100
UGA,2010-10-14,36.10,36.34,35.58,35.82,24800
UGA,2010-10-15,36.02,36.03,35.18,35.30,27100
UGA,2010-10-18,35.60,36.13,35.60,36.10,19400
UGA,2010-10-19,34.95,35.16,34.32,34.38,49500
UGA,2010-10-20,34.41,35.15,34.41,35.14,21200
UGA,2010-10-21,35.00,35.17,34.30,34.54,13800
UGA,2010-10-22,34.78,35.03,34.41,35.00,7300
UGA,2010-10-25,35.36,35.42,34.55,34.95,15500
UGA,2010-10-26,34.88,35.22,34.88,35.14,8600
UGA,2010-10-27,34.92,35.24,34.05,35.12,7300
UGA,2010-10-28,35.52,35.52,35.12,35.20,17100
UGA,2010-10-29,35.06,35.17,34.56,34.97,5000
UGA,2010-11-01,35.97,36.00,35.37,35.37,17800
UGA,2010-11-02,35.65,35.86,35.59,35.75,8400
UGA,2010-11-03,35.87,36.28,35.63,36.28,16700
UGA,2010-11-04,36.85,37.00,36.71,36.96,31800
UGA,2010-11-05,36.91,37.05,36.66,37.03,11900
UGA,2010-11-08,36.84,36.97,36.53,36.87,15900
UGA,2010-11-09,37.15,37.21,36.63,36.76,32700
UGA,2010-11-10,37.34,38.00,37.25,37.94,28600
UGA,2010-11-11,37.92,38.22,37.79,37.97,43100
UGA,2010-11-12,37.75,38.21,37.09,37.54,27200
UGA,2010-11-15,37.94,38.00,37.16,37.23,19000
UGA,2010-11-16,36.88,37.00,36.20,36.55,39100
UGA,2010-11-17,36.45,36.82,36.02,36.36,15400
UGA,2010-11-18,37.14,37.44,37.04,37.37,14800
UGA,2010-11-19,36.88,36.94,36.35,36.78,25900
UGA,2010-11-22,36.37,36.51,35.95,36.26,20200
UGA,2010-11-23,35.97,36.31,35.72,36.31,31100
UGA,2010-11-24,36.26,37.53,36.26,37.45,20000
UGA,2010-11-26,37.20,37.50,37.20,37.45,5400
UGA,2010-11-29,37.80,38.48,37.50,38.39,31700
UGA,2010-11-30,37.84,38.41,37.78,37.97,50200
UGA,2010-12-01,38.85,39.76,38.77,39.68,63200
UGA,2010-12-02,40.09,40.77,40.07,40.65,50200
UGA,2010-12-03,40.31,40.78,40.23,40.68,21300
UGA,2010-12-06,40.83,40.91,40.22,40.41,27600
UGA,2010-12-07,40.67,40.67,39.90,39.90,23500
UGA,2010-12-08,39.98,40.19,39.33,39.87,23500
UGA,2010-12-09,40.13,40.75,39.74,40.41,18400
UGA,2010-12-10,40.36,40.36,39.69,39.94,22300
UGA,2010-12-13,40.44,40.56,39.82,39.84,10000
UGA,2010-12-14,39.50,40.13,39.50,39.70,17800
UGA,2010-12-15,39.28,40.06,39.28,39.88,18300
UGA,2010-12-16,39.94,40.18,39.84,39.90,8600
UGA,2010-12-17,39.99,40.45,39.99,40.10,23600
UGA,2010-12-20,40.48,40.92,40.11,40.83,19200
UGA,2010-12-21,40.97,41.27,40.94,41.25,27300
UGA,2010-12-22,41.55,41.68,41.41,41.68,55500
UGA,2010-12-23,41.65,42.05,41.60,41.99,27900
UGA,2010-12-27,41.80,41.85,41.50,41.58,26400
UGA,2010-12-28,41.67,41.75,41.45,41.52,50400
UGA,2010-12-29,41.46,41.46,41.28,41.31,28400
UGA,2010-12-30,41.10,41.38,40.82,41.14,47700
UGA,2010-12-31,41.21,42.43,41.14,42.11,34200
UGA,2011-01-03,42.57,42.99,41.94,42.08,53400
UGA,2011-01-04,42.17,42.17,41.08,41.70,51100
UGA,2011-01-05,41.29,42.56,41.10,42.32,32300
UGA,2011-01-06,42.70,42.72,42.00,42.42,30300
UGA,2011-01-07,42.19,42.51,41.51,42.06,73300
UGA,2011-01-10,42.30,42.73,42.17,42.56,33700
UGA,2011-01-11,42.64,43.05,42.36,42.93,31800
UGA,2011-01-12,42.72,42.95,42.45,42.62,51200
UGA,2011-01-13,42.63,42.63,42.10,42.35,17100
UGA,2011-01-14,42.47,43.17,42.41,43.15,49100
UGA,2011-01-18,42.64,43.22,42.64,42.94,45500
UGA,2011-01-19,43.23,43.25,42.78,42.95,57000
UGA,2011-01-20,42.24,42.31,41.60,42.02,123300
UGA,2011-01-21,42.16,42.83,42.14,42.68,42700
UGA,2011-01-24,42.53,42.54,41.82,41.95,32200
UGA,2011-01-25,41.15,41.22,40.72,40.81,61700
UGA,2011-01-26,40.99,42.38,40.95,42.38,66800
UGA,2011-01-27,42.32,42.32,41.44,41.65,78800
UGA,2011-01-28,41.65,42.85,41.60,42.75,160900
UGA,2011-01-31,42.51,43.50,42.36,42.89,155700
UGA,2011-02-01,43.18,43.58,42.99,43.21,62700
UGA,2011-02-02,43.01,43.20,42.81,43.02,62300
UGA,2011-02-03,43.34,43.50,42.90,43.11,45100
UGA,2011-02-04,43.32,43.32,41.79,42.05,74900
UGA,2011-02-07,42.13,42.56,41.95,42.14,29400
UGA,2011-02-08,42.34,43.13,42.30,42.98,36100
UGA,2011-02-09,43.02,43.55,42.71,43.46,59800
UGA,2011-02-10,43.12,43.19,42.32,42.81,45900
UGA,2011-02-11,42.91,42.97,42.26,42.78,34500
UGA,2011-02-14,43.06,43.91,43.06,43.28,47500
UGA,2011-02-15,43.16,43.40,42.41,42.69,29800
UGA,2011-02-16,43.12,43.75,43.11,43.62,46700
UGA,2011-02-17,43.78,43.84,43.39,43.64,36600
UGA,2011-02-18,43.07,44.05,43.02,43.81,76400
UGA,2011-02-22,45.41,45.41,44.64,44.94,190300
UGA,2011-02-23,45.68,46.90,45.58,46.88,418600
UGA,2011-02-24,47.50,47.83,46.28,46.45,427700
UGA,2011-02-25,47.10,47.49,46.77,47.38,98700
UGA,2011-02-28,47.28,47.43,46.83,47.12,74500
UGA,2011-03-01,47.69,48.88,47.62,48.82,164500
UGA,2011-03-02,48.96,49.60,48.62,49.32,156800
UGA,2011-03-03,48.74,49.27,48.58,49.18,181400
UGA,2011-03-04,49.41,49.72,49.24,49.66,226700
UGA,2011-03-07,49.98,49.98,48.79,48.83,241100
UGA,2011-03-08,48.51,48.56,47.71,47.80,196000
UGA,2011-03-09,48.65,49.30,48.61,49.16,158600
UGA,2011-03-10,48.86,49.51,48.19,49.00,140300
UGA,2011-03-11,48.21,48.87,48.19,48.51,76100
UGA,2011-03-14,48.27,48.31,47.75,48.09,115900
UGA,2011-03-15,45.70,46.36,45.38,45.84,225600
UGA,2011-03-16,45.89,46.90,45.75,46.44,189700
UGA,2011-03-17,46.85,48.20,46.80,48.05,86000
UGA,2011-03-18,47.78,48.37,47.58,48.32,238700
UGA,2011-03-21,48.77,49.02,48.52,48.71,169500
UGA,2011-03-22,48.62,49.00,48.50,48.96,114200
UGA,2011-03-23,49.00,49.32,48.88,49.05,58400
UGA,2011-03-24,48.92,49.58,48.81,49.54,70000
UGA,2011-03-25,49.56,49.75,49.34,49.66,79500
UGA,2011-03-28,49.06,49.65,49.00,49.11,44200
UGA,2011-03-29,49.11,49.51,48.87,49.41,32700
UGA,2011-03-30,49.43,49.83,49.30,49.61,68300
UGA,2011-03-31,50.32,50.50,50.12,50.36,71400
UGA,2011-04-01,50.50,51.31,50.34,51.20,74300
UGA,2011-04-04,51.27,51.47,51.00,51.32,83900
UGA,2011-04-05,51.41,52.04,51.37,51.74,81500
UGA,2011-04-06,51.90,52.10,51.46,51.72,85200
UGA,2011-04-07,51.68,51.78,51.28,51.72,190800
UGA,2011-04-08,52.13,53.10,51.98,53.09,156300
UGA,2011-04-11,52.84,52.87,51.84,51.87,144500
UGA,2011-04-12,51.93,51.93,50.84,51.29,132900
UGA,2011-04-13,52.04,52.67,51.66,52.55,153400
UGA,2011-04-14,52.76,52.99,52.36,52.61,151800
UGA,2011-04-15,52.79,53.49,52.67,53.38,102300
UGA,2011-04-18,52.96,52.99,52.45,52.85,93500
UGA,2011-04-19,52.13,52.83,51.87,52.45,90300
UGA,2011-04-20,52.63,53.33,52.55,53.19,160000
UGA,2011-04-21,53.21,53.79,53.08,53.72,102000
UGA,2011-04-25,53.99,54.01,53.25,53.79,85000
UGA,2011-04-26,54.04,54.30,53.92,54.18,74400
UGA,2011-04-27,54.61,55.41,54.06,55.41,132100
UGA,2011-04-28,55.39,55.81,54.60,55.21,86500
UGA,2011-04-29,55.29,55.81,55.18,55.74,68000
UGA,2011-05-02,55.35,56.00,54.71,54.72,126000
UGA,2011-05-03,54.82,55.02,54.22,54.58,140100
UGA,2011-05-04,54.16,54.60,53.71,54.31,198000
UGA,2011-05-05,53.03,53.13,50.14,50.53,749100
UGA,2011-05-06,50.56,52.14,50.54,50.99,212500
UGA,2011-05-09,51.92,54.20,51.92,54.20,187600
UGA,2011-05-10,54.46,55.42,54.11,54.95,183700
UGA,2011-05-11,53.90,54.00,50.46,51.44,559700
UGA,2011-05-12,50.56,50.80,49.49,50.17,424000
UGA,2011-05-13,50.57,51.16,49.92,50.49,272700
UGA,2011-05-16,49.75,49.89,47.81,47.81,346300
UGA,2011-05-17,47.46,48.03,46.58,47.95,512700
UGA,2011-05-18,48.65,48.85,48.20,48.29,241200
UGA,2011-05-19,48.80,49.22,47.94,47.94,207900
UGA,2011-05-20,47.93,48.78,47.15,48.69,400200
UGA,2011-05-23,47.71,48.42,47.45,47.98,161800
UGA,2011-05-24,49.36,49.46,48.27,49.11,102000
UGA,2011-05-25,48.61,49.66,48.56,49.57,109600
UGA,2011-05-26,49.77,50.00,49.48,49.91,87600
UGA,2011-05-27,50.06,50.30,49.74,50.23,60500
UGA,2011-05-31,50.71,51.19,50.35,50.61,153100
UGA,2011-06-01,50.47,50.47,49.28,49.67,258300
UGA,2011-06-02,49.57,49.62,48.52,49.26,198900
UGA,2011-06-03,48.70,49.74,48.64,49.73,68300
UGA,2011-06-06,49.71,49.71,48.75,48.84,81100
UGA,2011-06-07,49.33,49.70,48.71,49.41,61400
UGA,2011-06-08,49.81,50.10,49.25,49.31,74400
UGA,2011-06-09,49.57,50.50,49.34,50.35,91100
UGA,2011-06-10,50.08,50.08,49.34,49.89,73500
UGA,2011-06-13,50.09,50.28,48.98,49.73,97900
UGA,2011-06-14,50.37,50.80,50.37,50.64,264900
UGA,2011-06-15,50.20,50.45,48.28,48.78,268100
UGA,2011-06-16,49.18,49.50,48.79,48.89,81700
UGA,2011-06-17,48.54,48.85,48.29,48.76,78500
UGA,2011-06-20,48.32,48.63,48.06,48.11,68200
UGA,2011-06-21,48.11,48.33,47.22,47.58,74400
UGA,2011-06-22,48.22,49.51,48.18,49.14,68100
UGA,2011-06-23,47.24,47.43,46.08,47.12,210000
UGA,2011-06-24,46.56,46.60,45.46,46.00,135000
UGA,2011-06-27,45.48,46.50,45.39,46.32,112100
UGA,2011-06-28,46.95,47.56,46.87,47.46,68600
UGA,2011-06-29,47.99,49.56,47.96,49.53,121600
UGA,2011-06-30,49.57,50.06,49.16,49.84,78400
UGA,2011-07-01,49.43,50.15,49.11,50.03,241000
UGA,2011-07-05,50.00,50.81,49.76,50.16,56400
UGA,2011-07-06,50.05,50.61,49.68,50.53,77200
UGA,2011-07-07,51.82,52.75,51.82,52.48,311000
UGA,2011-07-08,52.22,52.30,51.80,52.21,179000
UGA,2011-07-11,51.49,52.30,51.02,51.71,83200
UGA,2011-07-12,51.35,52.21,51.21,51.98,54800
UGA,2011-07-13,52.36,53.50,52.32,52.98,124100
UGA,2011-07-14,52.93,53.24,52.18,52.55,98900
UGA,2011-07-15,52.81,53.11,52.72,52.90,117100
UGA,2011-07-18,52.42,52.42,51.53,52.30,79200
UGA,2011-07-19,52.71,53.06,52.51,52.58,83400
UGA,2011-07-20,52.89,53.08,52.34,53.04,78800
UGA,2011-07-21,52.79,53.27,52.28,52.52,77100
UGA,2011-07-22,52.55,53.10,52.48,53.10,25600
UGA,2011-07-25,52.31,52.97,52.31,52.81,31800
UGA,2011-07-26,52.55,53.45,52.25,53.18,43800
UGA,2011-07-27,53.31,53.42,52.73,52.89,50400
UGA,2011-07-28,52.86,53.03,52.11,52.53,38200
UGA,2011-07-29,51.87,52.53,51.83,52.42,70200
UGA,2011-08-01,53.65,53.69,51.52,52.48,112500
UGA,2011-08-02,52.24,53.00,51.68,51.85,68000
UGA,2011-08-03,51.36,51.43,50.12,50.21,217100
UGA,2011-08-04,49.71,49.73,46.81,46.96,248100
UGA,2011-08-05,47.43,48.29,46.91,48.15,80500
UGA,2011-08-08,46.29,47.35,45.71,46.10,145200
UGA,2011-08-09,46.71,46.94,45.24,46.50,129900
UGA,2011-08-10,46.49,47.77,46.09,47.32,118000
UGA,2011-08-11,47.97,48.62,47.60,48.48,96900
UGA,2011-08-12,48.54,48.79,48.24,48.24,61600
UGA,2011-08-15,48.59,49.26,48.59,49.15,27200
UGA,2011-08-16,48.91,49.25,48.65,49.00,35300
UGA,2011-08-17,49.92,50.08,49.10,49.25,45300
UGA,2011-08-18,48.36,48.42,47.50,47.72,154600
UGA,2011-08-19,47.67,49.12,47.67,48.97,81500
UGA,2011-08-22,48.05,48.66,47.91,48.51,87300
UGA,2011-08-23,48.54,49.64,48.12,49.60,76900
UGA,2011-08-24,49.35,49.88,49.16,49.43,49600
UGA,2011-08-25,50.10,50.38,49.22,50.12,65400
UGA,2011-08-26,49.86,50.26,49.50,49.94,71900
UGA,2011-08-29,50.23,50.36,49.65,49.76,38800
UGA,2011-08-30,50.36,51.01,50.20,50.89,85700
UGA,2011-08-31,51.07,51.61,50.91,51.44,60900
UGA,2011-09-01,51.89,52.33,51.71,51.77,64200
UGA,2011-09-02,51.02,51.44,50.20,50.93,140100
UGA,2011-09-06,50.01,50.99,49.85,50.72,59000
UGA,2011-09-07,50.97,52.18,50.93,52.05,51200
UGA,2011-09-08,51.97,52.30,51.50,51.58,169300
UGA,2011-09-09,50.39,50.41,49.58,49.77,62900
UGA,2011-09-12,48.98,49.61,48.53,49.35,33400
UGA,2011-09-13,49.15,49.50,48.76,49.21,20900
UGA,2011-09-14,48.97,49.02,48.28,48.79,42900
UGA,2011-09-15,50.04,50.20,49.65,49.80,39300
UGA,2011-09-16,50.68,50.89,49.86,49.96,51100
UGA,2011-09-19,48.79,48.90,48.26,48.39,41700
UGA,2011-09-20,48.59,49.15,48.19,48.47,42600
UGA,2011-09-21,48.78,49.31,47.75,47.75,38600
UGA,2011-09-22,46.05,46.49,45.70,45.95,82600
UGA,2011-09-23,45.81,46.39,45.71,45.86,41800
UGA,2011-09-26,45.75,46.21,45.31,46.09,28400
UGA,2011-09-27,47.00,47.80,46.95,47.55,34700
UGA,2011-09-28,47.49,47.87,46.45,46.48,74800
UGA,2011-09-29,47.02,47.26,46.25,46.62,366000
UGA,2011-09-30,45.61,46.63,45.42,45.94,65900
UGA,2011-10-03,45.49,45.99,45.12,45.37,86200
UGA,2011-10-04,45.00,45.74,44.65,45.56,517000
UGA,2011-10-05,45.83,46.50,45.58,46.50,58000
UGA,2011-10-06,46.80,48.60,46.59,48.55,96800
UGA,2011-10-07,48.18,48.18,47.27,47.82,29800
UGA,2011-10-10,48.53,49.21,48.53,49.07,65100
UGA,2011-10-11,48.60,49.87,48.52,49.58,52600
UGA,2011-10-12,49.89,49.98,49.50,49.60,24100
UGA,2011-10-13,49.16,50.00,48.99,49.88,23100
UGA,2011-10-14,50.98,51.35,50.78,51.26,62400
UGA,2011-10-17,50.76,50.76,49.43,49.57,68600
UGA,2011-10-18,49.19,50.00,48.62,50.00,29400
UGA,2011-10-19,49.33,49.89,48.35,48.52,38900
UGA,2011-10-20,48.49,49.02,47.54,48.59,18600
UGA,2011-10-21,49.32,49.58,48.61,48.87,102800
UGA,2011-10-24,48.88,49.09,48.60,48.89,86900
UGA,2011-10-25,47.95,49.02,47.54,48.99,65900
UGA,2011-10-26,48.82,48.82,48.02,48.23,25700
UGA,2011-10-27,49.58,49.95,49.32,49.36,49400
UGA,2011-10-28,48.63,49.26,48.46,48.54,36300
UGA,2011-10-31,47.62,47.83,47.20,47.63,28000
UGA,2011-11-01,46.46,47.95,46.43,47.70,55400
UGA,2011-11-02,49.03,49.07,47.74,48.11,17500
UGA,2011-11-03,48.14,48.54,47.54,48.36,11000
UGA,2011-11-04,48.69,49.13,48.37,49.04,31000
UGA,2011-11-07,49.86,50.21,49.52,50.12,69500
UGA,2011-11-08,49.99,50.03,49.31,49.75,56300
UGA,2011-11-09,48.57,49.26,48.22,48.41,15100
UGA,2011-11-10,48.40,48.53,47.71,48.10,23200
UGA,2011-11-11,47.75,48.45,47.58,47.73,25900
UGA,2011-11-14,46.78,46.90,45.75,46.31,69000
UGA,2011-11-15,47.15,47.58,46.89,47.32,46800
UGA,2011-11-16,47.24,48.16,47.16,47.57,101400
UGA,2011-11-17,46.96,46.99,45.82,45.98,37700
UGA,2011-11-18,46.13,46.24,45.13,45.62,82000
UGA,2011-11-21,45.72,45.89,44.98,45.80,37500
UGA,2011-11-22,46.29,46.86,46.22,46.77,37100
UGA,2011-11-23,46.06,46.33,45.67,46.08,35200
UGA,2011-11-25,45.78,46.03,45.09,45.09,12700
UGA,2011-11-28,46.22,46.23,45.52,46.04,13600
UGA,2011-11-29,46.50,46.77,46.27,46.41,15800
UGA,2011-11-30,46.96,47.52,46.70,46.70,35700
UGA,2011-12-01,46.75,47.21,46.23,46.76,34200
UGA,2011-12-02,47.76,48.13,47.20,48.12,34000
UGA,2011-12-05,48.32,48.41,47.48,47.65,39800
UGA,2011-12-06,48.03,48.33,47.85,48.26,37800
UGA,2011-12-07,47.70,47.86,47.15,47.23,22100
UGA,2011-12-08,47.05,47.11,46.60,46.61,15000
UGA,2011-12-09,46.88,47.71,46.88,47.60,18800
UGA,2011-12-12,47.28,47.28,46.79,47.07,26800
UGA,2011-12-13,47.33,48.80,47.33,47.88,61700
UGA,2011-12-14,46.90,47.06,45.48,45.66,53800
UGA,2011-12-15,46.22,46.31,45.35,45.44,45000
UGA,2011-12-16,45.72,45.97,45.17,45.62,37300
UGA,2011-12-19,45.93,46.01,45.34,45.45,38000
UGA,2011-12-20,46.65,47.14,46.58,47.08,28700
UGA,2011-12-21,47.08,47.80,46.93,47.74,29000
UGA,2011-12-22,47.74,48.10,47.74,47.90,14000
UGA,2011-12-23,48.07,48.98,48.01,48.92,152100
UGA,2011-12-27,48.76,49.15,48.61,48.70,16000
UGA,2011-12-28,48.57,48.72,47.95,48.12,28200
UGA,2011-12-29,48.24,48.66,47.87,48.55,46000
UGA,2011-12-30,48.18,48.89,48.00,48.32,28600
UGA,2012-01-03,49.53,50.16,49.44,50.05,93300
UGA,2012-01-04,49.85,50.75,49.80,50.73,59800
UGA,2012-01-05,50.45,50.63,49.70,49.78,46500
UGA,2012-01-06,49.99,50.31,49.52,50.31,15300
UGA,2012-01-09,50.36,50.48,49.93,50.12,35000
UGA,2012-01-10,50.56,50.71,50.31,50.52,50200
UGA,2012-01-11,50.35,50.51,49.76,50.39,34400
UGA,2012-01-12,50.86,51.34,49.46,49.63,115000
UGA,2012-01-13,49.76,50.13,49.50,50.08,17300
UGA,2012-01-17,50.45,50.68,50.10,50.50,32600
UGA,2012-01-18,51.40,51.50,50.87,51.50,66600
UGA,2012-01-19,51.50,51.54,50.83,51.30,28700
UGA,2012-01-20,50.91,50.91,50.31,50.70,27900
UGA,2012-01-23,50.74,51.02,50.52,50.69,36100
UGA,2012-01-24,50.36,51.11,50.24,51.06,35400
UGA,2012-01-25,51.21,51.92,50.75,51.63,25100
UGA,2012-01-26,51.99,52.00,51.50,51.78,32400
UGA,2012-01-27,52.07,53.78,52.07,53.05,73100
UGA,2012-01-30,52.50,52.51,51.78,52.14,51700
UGA,2012-01-31,52.76,52.78,52.17,52.50,35000
UGA,2012-02-01,53.14,53.44,52.29,52.30,57300
UGA,2012-02-02,52.09,52.48,51.50,52.23,44200
UGA,2012-02-03,52.90,52.91,52.19,52.91,42500
UGA,2012-02-06,52.90,53.39,52.78,53.39,64600
UGA,2012-02-07,53.28,53.55,52.92,53.17,69400
UGA,2012-02-08,53.33,54.14,53.09,54.07,58500
UGA,2012-02-09,54.48,54.72,54.27,54.72,83500
UGA,2012-02-10,53.89,54.19,53.68,54.12,80000
UGA,2012-02-13,54.68,54.90,54.30,54.52,105600
UGA,2012-02-14,54.55,54.57,53.94,54.25,66700
UGA,2012-02-15,54.52,54.68,54.12,54.51,221300
UGA,2012-02-16,54.72,55.20,54.63,55.10,116800
UGA,2012-02-17,54.95,55.05,54.60,55.05,105800
UGA,2012-02-21,55.47,56.10,55.35,55.80,439900
UGA,2012-02-22,55.59,56.33,55.50,56.15,190900
UGA,2012-02-23,56.32,56.74,55.86,56.68,304100
UGA,2012-02-24,56.59,57.22,56.47,57.17,289500
UGA,2012-02-27,56.73,57.00,56.25,56.41,455100
UGA,2012-02-28,56.27,56.40,55.32,55.52,282200
UGA,2012-02-29,55.78,56.18,54.99,56.08,187100
UGA,2012-03-01,56.47,58.16,56.27,57.67,178400
UGA,2012-03-02,56.91,56.91,56.15,56.48,107300
UGA,2012-03-05,56.23,56.36,55.88,56.13,84100
